Sample	QV	Error_rate	Completeness
Scer1_q10_l500_Flye	43.7133	4.25273e-05	92.6002
Scer2_q10_l500_Flye	24.3534	0.00366996	95.594
Scer1_q10_l500_hifiasm	48.6372	1.36863e-05	92.6749
Scer2_q10_l500_hifiasm	37.4762	0.000178805	79.6565
Scer1_q10_l500_nextdenovo	40.8752	8.17486e-05	82.7026
