Sample	QV	Error_rate	Completeness
Scer1_Flye	39.8028	0.000104645	97.9666
Scer2_Flye	19.872	0.0102991	81.7681
Scer1_hifiasm	43.6399	4.3252e-05	94.0864
Scer2_hifiasm	34.4787	0.000356556	84.6487
Scer1_nextdenovo	39.7484	0.000105965	84.4547
