Sample	QV	Error_rate	Completeness
Scer1_q10_l500_Flye	42.0691	6.21003e-05	92.5528
Scer2_q10_l500_Flye	24.3244	0.00369458	96.1273
Scer1_q10_l500_hifiasm	48.6515	1.36412e-05	92.6789
Scer2_q10_l500_hifiasm	37.3776	0.000182911	84.2958
Scer1_q10_l500_nextdenovo	40.5011	8.91026e-05	82.5871
